"id","scientific_name","common_name","latitude","longitude","iso_country_code","taxon_id","year","basis_of_record","provider","resource","occurrence_date","collector","SPACER","ID","SpeciesCode","Date","StartEasting","StartNorthing","StartZone","Observers","Method","Count","tsn","Genus","Species","SubSpecies","CommonName","scientificName","scientificName_clean","Kingdom","Phylum","Class","Order","Family","taxonRank","Year","Month","Day","BasisOfRecord","institutionCode","collectionCode","DD_Longitude","DD_Latitude"
1,"Anolis cristatellus","man lizard",18.3185030859911,-64.7192046324454,"VI",173887,2002,"observation","BISON","USGS Southeast Ecological Science Center - Virgin Islands Herpetofauna 2001-2002","2002-05-20","J Hardin Waddle/Kenneth G Rice/Marquette E Crockett/Andy J Maskell","<--BISON | GBIF-->",1,"Acr","2002-05-20",318308,2026281,20,"J Hardin Waddle/Kenneth G Rice/Marquette E Crockett/Andy J Maskell","Visual Encounter",2,173887,"Anolis","cristatellus",,"man lizard","Anolis cristatellus","Anolis cristatellus","Animalia","Chordata","Reptilia","Squamata","Polychrotidae","Species",2002,5,20,"Human Observation","BISON","USGS Southeast Ecological Science Center - Virgin Islands Herpetofauna 2001-2002",-64.7192046324454,18.3185030859911
2,"Anolis cristatellus","man lizard",18.324380044752,-64.7836953460847,"VI",173887,2002,"observation","BISON","USGS Southeast Ecological Science Center - Virgin Islands Herpetofauna 2001-2002","2002-05-21","J Hardin Waddle/Kenneth G Rice/Marquette E Crockett/Andy J Maskell","<--BISON | GBIF-->",2,"Acr","2002-05-21",311497,2026997,20,"J Hardin Waddle/Kenneth G Rice/Marquette E Crockett/Andy J Maskell","Visual Encounter",1,173887,"Anolis","cristatellus",,"man lizard","Anolis cristatellus","Anolis cristatellus","Animalia","Chordata","Reptilia","Squamata","Polychrotidae","Species",2002,5,21,"Human Observation","BISON","USGS Southeast Ecological Science Center - Virgin Islands Herpetofauna 2001-2002",-64.7836953460847,18.324380044752
3,"Anolis cristatellus","man lizard",18.3231502251323,-64.72586317652,"VI",173887,2002,"observation","BISON","USGS Southeast Ecological Science Center - Virgin Islands Herpetofauna 2001-2002","2002-05-20",,"<--BISON | GBIF-->",3,"Acr","2002-05-20",317609,2026802,20,,"Visual Encounter",8,173887,"Anolis","cristatellus",,"man lizard","Anolis cristatellus","Anolis cristatellus","Animalia","Chordata","Reptilia","Squamata","Polychrotidae","Species",2002,5,20,"Human Observation","BISON","USGS Southeast Ecological Science Center - Virgin Islands Herpetofauna 2001-2002",-64.72586317652,18.3231502251323
4,"Anolis cristatellus","man lizard",18.3220295739621,-64.7585458129072,"VI",173887,2002,"observation","BISON","USGS Southeast Ecological Science Center - Virgin Islands Herpetofauna 2001-2002","2002-05-22","J Hardin Waddle/Kenneth G Rice/Marquette E Crockett/Andy J Maskell","<--BISON | GBIF-->",4,"Acr","2002-05-22",314153,2026711,20,"J Hardin Waddle/Kenneth G Rice/Marquette E Crockett/Andy J Maskell","Visual Encounter",1,173887,"Anolis","cristatellus",,"man lizard","Anolis cristatellus","Anolis cristatellus","Animalia","Chordata","Reptilia","Squamata","Polychrotidae","Species",2002,5,22,"Human Observation","BISON","USGS Southeast Ecological Science Center - Virgin Islands Herpetofauna 2001-2002",-64.7585458129072,18.3220295739621
5,"Anolis cristatellus","man lizard",18.347395028067,-64.7433046723662,"VI",173887,2002,"observation","BISON","USGS Southeast Ecological Science Center - Virgin Islands Herpetofauna 2001-2002","2002-05-19","J Hardin Waddle/Kenneth G Rice/Marquette E Crockett/Andy J Maskell","<--BISON | GBIF-->",5,"Acr","2002-05-19",315791,2029503,20,"J Hardin Waddle/Kenneth G Rice/Marquette E Crockett/Andy J Maskell","Visual Encounter",5,173887,"Anolis","cristatellus",,"man lizard","Anolis cristatellus","Anolis cristatellus","Animalia","Chordata","Reptilia","Squamata","Polychrotidae","Species",2002,5,19,"Human Observation","BISON","USGS Southeast Ecological Science Center - Virgin Islands Herpetofauna 2001-2002",-64.7433046723662,18.347395028067
6,"Anolis cristatellus","man lizard",18.3265396207921,-64.764239114121,"VI",173887,2002,"observation","BISON","USGS Southeast Ecological Science Center - Virgin Islands Herpetofauna 2001-2002","2002-05-21","J Hardin Waddle/Kenneth G Rice/Marquette E Crockett/Andy J Maskell","<--BISON | GBIF-->",6,"Acr","2002-05-21",313556,2027216,20,"J Hardin Waddle/Kenneth G Rice/Marquette E Crockett/Andy J Maskell","Visual Encounter",2,173887,"Anolis","cristatellus",,"man lizard","Anolis cristatellus","Anolis cristatellus","Animalia","Chordata","Reptilia","Squamata","Polychrotidae","Species",2002,5,21,"Human Observation","BISON","USGS Southeast Ecological Science Center - Virgin Islands Herpetofauna 2001-2002",-64.764239114121,18.3265396207921
7,"Anolis cristatellus","man lizard",18.3453739856928,-64.7723870649933,"VI",173887,2002,"observation","BISON","USGS Southeast Ecological Science Center - Virgin Islands Herpetofauna 2001-2002","2002-05-19","J Hardin Waddle/Kenneth G Rice/Marquette E Crockett/Andy J Maskell","<--BISON | GBIF-->",7,"Acr","2002-05-19",312715,2029309,20,"J Hardin Waddle/Kenneth G Rice/Marquette E Crockett/Andy J Maskell","Visual Encounter",4,173887,"Anolis","cristatellus",,"man lizard","Anolis cristatellus","Anolis cristatellus","Animalia","Chordata","Reptilia","Squamata","Polychrotidae","Species",2002,5,19,"Human Observation","BISON","USGS Southeast Ecological Science Center - Virgin Islands Herpetofauna 2001-2002",-64.7723870649933,18.3453739856928
8,"Anolis cristatellus","man lizard",18.352741434218,-64.753397126992,"VI",173887,2002,"observation","BISON","USGS Southeast Ecological Science Center - Virgin Islands Herpetofauna 2001-2002","2002-05-22","J Hardin Waddle/Kenneth G Rice/Marquette E Crockett/Andy J Maskell","<--BISON | GBIF-->",8,"Acr","2002-05-22",314730,2030105,20,"J Hardin Waddle/Kenneth G Rice/Marquette E Crockett/Andy J Maskell","Visual Encounter",1,173887,"Anolis","cristatellus",,"man lizard","Anolis cristatellus","Anolis cristatellus","Animalia","Chordata","Reptilia","Squamata","Polychrotidae","Species",2002,5,22,"Human Observation","BISON","USGS Southeast Ecological Science Center - Virgin Islands Herpetofauna 2001-2002",-64.753397126992,18.352741434218
9,"Anolis cristatellus","man lizard",18.3520194065024,-64.7533141463049,"VI",173887,2002,"observation","BISON","USGS Southeast Ecological Science Center - Virgin Islands Herpetofauna 2001-2002","2002-05-22","J Hardin Waddle/Kenneth G Rice/Marquette E Crockett/Andy J Maskell","<--BISON | GBIF-->",9,"Acr","2002-05-22",314738,2030025,20,"J Hardin Waddle/Kenneth G Rice/Marquette E Crockett/Andy J Maskell","Visual Encounter",2,173887,"Anolis","cristatellus",,"man lizard","Anolis cristatellus","Anolis cristatellus","Animalia","Chordata","Reptilia","Squamata","Polychrotidae","Species",2002,5,22,"Human Observation","BISON","USGS Southeast Ecological Science Center - Virgin Islands Herpetofauna 2001-2002",-64.7533141463049,18.3520194065024
10,"Anolis cristatellus","man lizard",18.3224568811021,-64.7621732906957,"VI",173887,2002,"observation","BISON","USGS Southeast Ecological Science Center - Virgin Islands Herpetofauna 2001-2002","2002-05-21","J Hardin Waddle/Kenneth G Rice/Marquette E Crockett/Andy J Maskell","<--BISON | GBIF-->",10,"Acr","2002-05-21",313770,2026762,20,"J Hardin Waddle/Kenneth G Rice/Marquette E Crockett/Andy J Maskell","Visual Encounter",4,173887,"Anolis","cristatellus",,"man lizard","Anolis cristatellus","Anolis cristatellus","Animalia","Chordata","Reptilia","Squamata","Polychrotidae","Species",2002,5,21,"Human Observation","BISON","USGS Southeast Ecological Science Center - Virgin Islands Herpetofauna 2001-2002",-64.7621732906957,18.3224568811021
11,"Anolis stratulus","salmon lizard",18.352741434218,-64.753397126992,"VI",173904,2002,"observation","BISON","USGS Southeast Ecological Science Center - Virgin Islands Herpetofauna 2001-2002","2002-05-22","J Hardin Waddle/Kenneth G Rice/Marquette E Crockett/Andy J Maskell","<--BISON | GBIF-->",11,"Ast","2002-05-22",314730,2030105,20,"J Hardin Waddle/Kenneth G Rice/Marquette E Crockett/Andy J Maskell","Visual Encounter",1,173904,"Anolis","stratulus",,"salmon lizard","Anolis stratulus","Anolis stratulus","Animalia","Chordata","Reptilia","Squamata","Polychrotidae","Species",2002,5,22,"Human Observation","BISON","USGS Southeast Ecological Science Center - Virgin Islands Herpetofauna 2001-2002",-64.753397126992,18.352741434218
12,"Anolis stratulus","salmon lizard",18.347395028067,-64.7433046723662,"VI",173904,2002,"observation","BISON","USGS Southeast Ecological Science Center - Virgin Islands Herpetofauna 2001-2002","2002-05-19","J Hardin Waddle/Kenneth G Rice/Marquette E Crockett/Andy J Maskell","<--BISON | GBIF-->",12,"Ast","2002-05-19",315791,2029503,20,"J Hardin Waddle/Kenneth G Rice/Marquette E Crockett/Andy J Maskell","Visual Encounter",1,173904,"Anolis","stratulus",,"salmon lizard","Anolis stratulus","Anolis stratulus","Animalia","Chordata","Reptilia","Squamata","Polychrotidae","Species",2002,5,19,"Human Observation","BISON","USGS Southeast Ecological Science Center - Virgin Islands Herpetofauna 2001-2002",-64.7433046723662,18.347395028067
13,"Anolis stratulus","salmon lizard",18.3231502251323,-64.72586317652,"VI",173904,2002,"observation","BISON","USGS Southeast Ecological Science Center - Virgin Islands Herpetofauna 2001-2002","2002-05-20",,"<--BISON | GBIF-->",13,"Ast","2002-05-20",317609,2026802,20,,"Visual Encounter",1,173904,"Anolis","stratulus",,"salmon lizard","Anolis stratulus","Anolis stratulus","Animalia","Chordata","Reptilia","Squamata","Polychrotidae","Species",2002,5,20,"Human Observation","BISON","USGS Southeast Ecological Science Center - Virgin Islands Herpetofauna 2001-2002",-64.72586317652,18.3231502251323
14,"Anolis stratulus","salmon lizard",18.3520194065024,-64.7533141463049,"VI",173904,2002,"observation","BISON","USGS Southeast Ecological Science Center - Virgin Islands Herpetofauna 2001-2002","2002-05-22","J Hardin Waddle/Kenneth G Rice/Marquette E Crockett/Andy J Maskell","<--BISON | GBIF-->",14,"Ast","2002-05-22",314738,2030025,20,"J Hardin Waddle/Kenneth G Rice/Marquette E Crockett/Andy J Maskell","Visual Encounter",1,173904,"Anolis","stratulus",,"salmon lizard","Anolis stratulus","Anolis stratulus","Animalia","Chordata","Reptilia","Squamata","Polychrotidae","Species",2002,5,22,"Human Observation","BISON","USGS Southeast Ecological Science Center - Virgin Islands Herpetofauna 2001-2002",-64.7533141463049,18.3520194065024
15,"Eleutherodactylus antillensis","Antillean frog",18.3129489711528,-64.7068522758827,"VI",173555,2002,"observation","BISON","USGS Southeast Ecological Science Center - Virgin Islands Herpetofauna 2001-2002","2002-05-20","J Hardin Waddle/Kenneth G Rice/Marquette E Crockett/Andy J Maskell","<--BISON | GBIF-->",15,"Ean","2002-05-20",319608,2025654,20,"J Hardin Waddle/Kenneth G Rice/Marquette E Crockett/Andy J Maskell","Vocalization",1,173555,"Elutherodactylus","antilliensis",,"Antillean frog","Elutherodactylus antilliensis","Eleutherodactylus antillensis","Animalia","Chordata","Amphibia","Anura","Eleutherodactylidae","Species",2002,5,20,"Human Observation","BISON","USGS Southeast Ecological Science Center - Virgin Islands Herpetofauna 2001-2002",-64.7068522758827,18.3129489711528
16,"Eleutherodactylus antillensis","Antillean frog",18.3185030859911,-64.7192046324454,"VI",173555,2002,"observation","BISON","USGS Southeast Ecological Science Center - Virgin Islands Herpetofauna 2001-2002","2002-05-20","J Hardin Waddle/Kenneth G Rice/Marquette E Crockett/Andy J Maskell","<--BISON | GBIF-->",16,"Ean","2002-05-20",318308,2026281,20,"J Hardin Waddle/Kenneth G Rice/Marquette E Crockett/Andy J Maskell","Vocalization",1,173555,"Elutherodactylus","antilliensis",,"Antillean frog","Elutherodactylus antilliensis","Eleutherodactylus antillensis","Animalia","Chordata","Amphibia","Anura","Eleutherodactylidae","Species",2002,5,20,"Human Observation","BISON","USGS Southeast Ecological Science Center - Virgin Islands Herpetofauna 2001-2002",-64.7192046324454,18.3185030859911
17,"Eleutherodactylus antillensis","Antillean frog",18.3224568811021,-64.7621732906957,"VI",173555,2002,"observation","BISON","USGS Southeast Ecological Science Center - Virgin Islands Herpetofauna 2001-2002","2002-05-21","J Hardin Waddle/Kenneth G Rice/Marquette E Crockett/Andy J Maskell","<--BISON | GBIF-->",17,"Ean","2002-05-21",313770,2026762,20,"J Hardin Waddle/Kenneth G Rice/Marquette E Crockett/Andy J Maskell","Vocalization",2,173555,"Elutherodactylus","antilliensis",,"Antillean frog","Elutherodactylus antilliensis","Eleutherodactylus antillensis","Animalia","Chordata","Amphibia","Anura","Eleutherodactylidae","Species",2002,5,21,"Human Observation","BISON","USGS Southeast Ecological Science Center - Virgin Islands Herpetofauna 2001-2002",-64.7621732906957,18.3224568811021
18,"Eleutherodactylus antillensis","Antillean frog",18.3265396207921,-64.764239114121,"VI",173555,2002,"observation","BISON","USGS Southeast Ecological Science Center - Virgin Islands Herpetofauna 2001-2002","2002-05-21","J Hardin Waddle/Kenneth G Rice/Marquette E Crockett/Andy J Maskell","<--BISON | GBIF-->",18,"Ean","2002-05-21",313556,2027216,20,"J Hardin Waddle/Kenneth G Rice/Marquette E Crockett/Andy J Maskell","Vocalization",1,173555,"Elutherodactylus","antilliensis",,"Antillean frog","Elutherodactylus antilliensis","Eleutherodactylus antillensis","Animalia","Chordata","Amphibia","Anura","Eleutherodactylidae","Species",2002,5,21,"Human Observation","BISON","USGS Southeast Ecological Science Center - Virgin Islands Herpetofauna 2001-2002",-64.764239114121,18.3265396207921
19,"Eleutherodactylus antillensis","Antillean frog",18.347395028067,-64.7433046723662,"VI",173555,2002,"observation","BISON","USGS Southeast Ecological Science Center - Virgin Islands Herpetofauna 2001-2002","2002-05-19","J Hardin Waddle/Kenneth G Rice/Marquette E Crockett/Andy J Maskell","<--BISON | GBIF-->",19,"Ean","2002-05-19",315791,2029503,20,"J Hardin Waddle/Kenneth G Rice/Marquette E Crockett/Andy J Maskell","Vocalization",1,173555,"Elutherodactylus","antilliensis",,"Antillean frog","Elutherodactylus antilliensis","Eleutherodactylus antillensis","Animalia","Chordata","Amphibia","Anura","Eleutherodactylidae","Species",2002,5,19,"Human Observation","BISON","USGS Southeast Ecological Science Center - Virgin Islands Herpetofauna 2001-2002",-64.7433046723662,18.347395028067
20,"Eleutherodactylus antillensis","Antillean frog",18.3520194065024,-64.7533141463049,"VI",173555,2002,"observation","BISON","USGS Southeast Ecological Science Center - Virgin Islands Herpetofauna 2001-2002","2002-05-22","J Hardin Waddle/Kenneth G Rice/Marquette E Crockett/Andy J Maskell","<--BISON | GBIF-->",20,"Ean","2002-05-22",314738,2030025,20,"J Hardin Waddle/Kenneth G Rice/Marquette E Crockett/Andy J Maskell","Vocalization",1,173555,"Elutherodactylus","antilliensis",,"Antillean frog","Elutherodactylus antilliensis","Eleutherodactylus antillensis","Animalia","Chordata","Amphibia","Anura","Eleutherodactylidae","Species",2002,5,22,"Human Observation","BISON","USGS Southeast Ecological Science Center - Virgin Islands Herpetofauna 2001-2002",-64.7533141463049,18.3520194065024
21,"Eleutherodactylus antillensis","Antillean frog",18.324380044752,-64.7836953460847,"VI",173555,2002,"observation","BISON","USGS Southeast Ecological Science Center - Virgin Islands Herpetofauna 2001-2002","2002-05-21","J Hardin Waddle/Kenneth G Rice/Marquette E Crockett/Andy J Maskell","<--BISON | GBIF-->",21,"Ean","2002-05-21",311497,2026997,20,"J Hardin Waddle/Kenneth G Rice/Marquette E Crockett/Andy J Maskell","Vocalization",1,173555,"Elutherodactylus","antilliensis",,"Antillean frog","Elutherodactylus antilliensis","Eleutherodactylus antillensis","Animalia","Chordata","Amphibia","Anura","Eleutherodactylidae","Species",2002,5,21,"Human Observation","BISON","USGS Southeast Ecological Science Center - Virgin Islands Herpetofauna 2001-2002",-64.7836953460847,18.324380044752
22,"Eleutherodactylus antillensis","Antillean frog",18.3101188761689,-64.7060772348953,"VI",173555,2001,"observation","BISON","USGS Southeast Ecological Science Center - Virgin Islands Herpetofauna 2001-2002","2001-02-12",,"<--BISON | GBIF-->",22,"Ean","2001-02-12",319687,2025340,20,,"Vocalization",2,173555,"Elutherodactylus","antilliensis",,"Antillean frog","Elutherodactylus antilliensis","Eleutherodactylus antillensis","Animalia","Chordata","Amphibia","Anura","Eleutherodactylidae","Species",2001,2,12,"Human Observation","BISON","USGS Southeast Ecological Science Center - Virgin Islands Herpetofauna 2001-2002",-64.7060772348953,18.3101188761689
23,"Eleutherodactylus antillensis","Antillean frog",18.3205440517059,-64.727313086886,"VI",173555,2001,"observation","BISON","USGS Southeast Ecological Science Center - Virgin Islands Herpetofauna 2001-2002","2001-02-09",,"<--BISON | GBIF-->",23,"Ean","2001-02-09",317453,2026515,20,,"Vocalization",1,173555,"Elutherodactylus","antilliensis",,"Antillean frog","Elutherodactylus antilliensis","Eleutherodactylus antillensis","Animalia","Chordata","Amphibia","Anura","Eleutherodactylidae","Species",2001,2,9,"Human Observation","BISON","USGS Southeast Ecological Science Center - Virgin Islands Herpetofauna 2001-2002",-64.727313086886,18.3205440517059
24,"Eleutherodactylus antillensis","Antillean frog",18.3205440517059,-64.727313086886,"VI",173555,2002,"observation","BISON","USGS Southeast Ecological Science Center - Virgin Islands Herpetofauna 2001-2002","2002-05-20",,"<--BISON | GBIF-->",24,"Ean","2002-05-20",317453,2026515,20,,"Vocalization",1,173555,"Elutherodactylus","antilliensis",,"Antillean frog","Elutherodactylus antilliensis","Eleutherodactylus antillensis","Animalia","Chordata","Amphibia","Anura","Eleutherodactylidae","Species",2002,5,20,"Human Observation","BISON","USGS Southeast Ecological Science Center - Virgin Islands Herpetofauna 2001-2002",-64.727313086886,18.3205440517059
25,"Eleutherodactylus antillensis","Antillean frog",18.3231502251323,-64.72586317652,"VI",173555,2001,"observation","BISON","USGS Southeast Ecological Science Center - Virgin Islands Herpetofauna 2001-2002","2001-02-09",,"<--BISON | GBIF-->",25,"Ean","2001-02-09",317609,2026802,20,,"Vocalization",1,173555,"Elutherodactylus","antilliensis",,"Antillean frog","Elutherodactylus antilliensis","Eleutherodactylus antillensis","Animalia","Chordata","Amphibia","Anura","Eleutherodactylidae","Species",2001,2,9,"Human Observation","BISON","USGS Southeast Ecological Science Center - Virgin Islands Herpetofauna 2001-2002",-64.72586317652,18.3231502251323
26,"Eleutherodactylus antillensis","Antillean frog",18.3231502251323,-64.72586317652,"VI",173555,2002,"observation","BISON","USGS Southeast Ecological Science Center - Virgin Islands Herpetofauna 2001-2002","2002-05-20",,"<--BISON | GBIF-->",26,"Ean","2002-05-20",317609,2026802,20,,"Vocalization",1,173555,"Elutherodactylus","antilliensis",,"Antillean frog","Elutherodactylus antilliensis","Eleutherodactylus antillensis","Animalia","Chordata","Amphibia","Anura","Eleutherodactylidae","Species",2002,5,20,"Human Observation","BISON","USGS Southeast Ecological Science Center - Virgin Islands Herpetofauna 2001-2002",-64.72586317652,18.3231502251323
27,"Eleutherodactylus antillensis","Antillean frog",18.3251929335027,-64.7247765900861,"VI",173555,2001,"observation","BISON","USGS Southeast Ecological Science Center - Virgin Islands Herpetofauna 2001-2002","2001-02-09",,"<--BISON | GBIF-->",27,"Ean","2001-02-09",317726,2027027,20,,"Vocalization",1,173555,"Elutherodactylus","antilliensis",,"Antillean frog","Elutherodactylus antilliensis","Eleutherodactylus antillensis","Animalia","Chordata","Amphibia","Anura","Eleutherodactylidae","Species",2001,2,9,"Human Observation","BISON","USGS Southeast Ecological Science Center - Virgin Islands Herpetofauna 2001-2002",-64.7247765900861,18.3251929335027
28,"Eleutherodactylus antillensis","Antillean frog",18.3265396207921,-64.764239114121,"VI",173555,2001,"observation","BISON","USGS Southeast Ecological Science Center - Virgin Islands Herpetofauna 2001-2002","2001-02-07",,"<--BISON | GBIF-->",28,"Ean","2001-02-07",313556,2027216,20,,"Vocalization",1,173555,"Elutherodactylus","antilliensis",,"Antillean frog","Elutherodactylus antilliensis","Eleutherodactylus antillensis","Animalia","Chordata","Amphibia","Anura","Eleutherodactylidae","Species",2001,2,7,"Human Observation","BISON","USGS Southeast Ecological Science Center - Virgin Islands Herpetofauna 2001-2002",-64.764239114121,18.3265396207921
29,"Eleutherodactylus antillensis","Antillean frog",18.338042956501,-64.7873075472477,"VI",173555,2001,"observation","BISON","USGS Southeast Ecological Science Center - Virgin Islands Herpetofauna 2001-2002","2001-02-08",,"<--BISON | GBIF-->",29,"Ean","2001-02-08",311130,2028513,20,,"Vocalization",2,173555,"Elutherodactylus","antilliensis",,"Antillean frog","Elutherodactylus antilliensis","Eleutherodactylus antillensis","Animalia","Chordata","Amphibia","Anura","Eleutherodactylidae","Species",2001,2,8,"Human Observation","BISON","USGS Southeast Ecological Science Center - Virgin Islands Herpetofauna 2001-2002",-64.7873075472477,18.338042956501
30,"Eleutherodactylus antillensis","Antillean frog",18.3400871031005,-64.7332500191065,"VI",173555,2001,"observation","BISON","USGS Southeast Ecological Science Center - Virgin Islands Herpetofauna 2001-2002","2001-02-13",,"<--BISON | GBIF-->",30,"Ean","2001-02-13",316846,2028684,20,,"Vocalization",1,173555,"Elutherodactylus","antilliensis",,"Antillean frog","Elutherodactylus antilliensis","Eleutherodactylus antillensis","Animalia","Chordata","Amphibia","Anura","Eleutherodactylidae","Species",2001,2,13,"Human Observation","BISON","USGS Southeast Ecological Science Center - Virgin Islands Herpetofauna 2001-2002",-64.7332500191065,18.3400871031005
31,"Eleutherodactylus antillensis","Antillean frog",18.3408258303665,-64.7354712712219,"VI",173555,2001,"observation","BISON","USGS Southeast Ecological Science Center - Virgin Islands Herpetofauna 2001-2002","2001-02-13",,"<--BISON | GBIF-->",31,"Ean","2001-02-13",316612,2028768,20,,"Vocalization",2,173555,"Elutherodactylus","antilliensis",,"Antillean frog","Elutherodactylus antilliensis","Eleutherodactylus antillensis","Animalia","Chordata","Amphibia","Anura","Eleutherodactylidae","Species",2001,2,13,"Human Observation","BISON","USGS Southeast Ecological Science Center - Virgin Islands Herpetofauna 2001-2002",-64.7354712712219,18.3408258303665
32,"Eleutherodactylus antillensis","Antillean frog",18.3453153783962,-64.7513637125443,"VI",173555,2001,"observation","BISON","USGS Southeast Ecological Science Center - Virgin Islands Herpetofauna 2001-2002","2001-02-06",,"<--BISON | GBIF-->",32,"Ean","2001-02-06",314937,2029281,20,,"Vocalization",1,173555,"Elutherodactylus","antilliensis",,"Antillean frog","Elutherodactylus antilliensis","Eleutherodactylus antillensis","Animalia","Chordata","Amphibia","Anura","Eleutherodactylidae","Species",2001,2,6,"Human Observation","BISON","USGS Southeast Ecological Science Center - Virgin Islands Herpetofauna 2001-2002",-64.7513637125443,18.3453153783962
33,"Eleutherodactylus antillensis","Antillean frog",18.3472915133379,-64.7417803528831,"VI",173555,2001,"observation","BISON","USGS Southeast Ecological Science Center - Virgin Islands Herpetofauna 2001-2002","2001-02-15",,"<--BISON | GBIF-->",33,"Ean","2001-02-15",315952,2029490,20,,"Vocalization",1,173555,"Elutherodactylus","antilliensis",,"Antillean frog","Elutherodactylus antilliensis","Eleutherodactylus antillensis","Animalia","Chordata","Amphibia","Anura","Eleutherodactylidae","Species",2001,2,15,"Human Observation","BISON","USGS Southeast Ecological Science Center - Virgin Islands Herpetofauna 2001-2002",-64.7417803528831,18.3472915133379
34,"Eleutherodactylus antillensis","Antillean frog",18.352741434218,-64.753397126992,"VI",173555,2002,"observation","BISON","USGS Southeast Ecological Science Center - Virgin Islands Herpetofauna 2001-2002","2002-05-22","J Hardin Waddle/Kenneth G Rice/Marquette E Crockett/Andy J Maskell","<--BISON | GBIF-->",34,"Ean","2002-05-22",314730,2030105,20,"J Hardin Waddle/Kenneth G Rice/Marquette E Crockett/Andy J Maskell","Vocalization",1,173555,"Elutherodactylus","antilliensis",,"Antillean frog","Elutherodactylus antilliensis","Eleutherodactylus antillensis","Animalia","Chordata","Amphibia","Anura","Eleutherodactylidae","Species",2002,5,22,"Human Observation","BISON","USGS Southeast Ecological Science Center - Virgin Islands Herpetofauna 2001-2002",-64.753397126992,18.352741434218
35,"Eleutherodactylus antillensis","Antillean frog",18.3523079199438,-64.7514152755325,"VI",173555,2001,"observation","BISON","USGS Southeast Ecological Science Center - Virgin Islands Herpetofauna 2001-2002","2001-02-06",,"<--BISON | GBIF-->",35,"Ean","2001-02-06",314939,2030055,20,,"Vocalization",1,173555,"Elutherodactylus","antilliensis",,"Antillean frog","Elutherodactylus antilliensis","Eleutherodactylus antillensis","Animalia","Chordata","Amphibia","Anura","Eleutherodactylidae","Species",2001,2,6,"Human Observation","BISON","USGS Southeast Ecological Science Center - Virgin Islands Herpetofauna 2001-2002",-64.7514152755325,18.3523079199438
36,"Eleutherodactylus antillensis","Antillean frog",18.352741434218,-64.753397126992,"VI",173555,2001,"observation","BISON","USGS Southeast Ecological Science Center - Virgin Islands Herpetofauna 2001-2002","2001-02-06",,"<--BISON | GBIF-->",36,"Ean","2001-02-06",314730,2030105,20,,"Vocalization",1,173555,"Elutherodactylus","antilliensis",,"Antillean frog","Elutherodactylus antilliensis","Eleutherodactylus antillensis","Animalia","Chordata","Amphibia","Anura","Eleutherodactylidae","Species",2001,2,6,"Human Observation","BISON","USGS Southeast Ecological Science Center - Virgin Islands Herpetofauna 2001-2002",-64.753397126992,18.352741434218
37,"Eleutherodactylus antillensis","Antillean frog",18.3205440517059,-64.727313086886,"VI",173555,2001,"observation","BISON","USGS Southeast Ecological Science Center - Virgin Islands Herpetofauna 2001-2002","2001-10-20",,"<--BISON | GBIF-->",37,"Ean","2001-10-20",317453,2026515,20,,"Visual Encounter",1,173555,"Elutherodactylus","antilliensis",,"Antillean frog","Elutherodactylus antilliensis","Eleutherodactylus antillensis","Animalia","Chordata","Amphibia","Anura","Eleutherodactylidae","Species",2001,10,20,"Human Observation","BISON","USGS Southeast Ecological Science Center - Virgin Islands Herpetofauna 2001-2002",-64.727313086886,18.3205440517059
38,"Eleutherodactylus antillensis","Antillean frog",18.3231502251323,-64.72586317652,"VI",173555,2001,"observation","BISON","USGS Southeast Ecological Science Center - Virgin Islands Herpetofauna 2001-2002","2001-02-09",,"<--BISON | GBIF-->",38,"Ean","2001-02-09",317609,2026802,20,,"Visual Encounter",2,173555,"Elutherodactylus","antilliensis",,"Antillean frog","Elutherodactylus antilliensis","Eleutherodactylus antillensis","Animalia","Chordata","Amphibia","Anura","Eleutherodactylidae","Species",2001,2,9,"Human Observation","BISON","USGS Southeast Ecological Science Center - Virgin Islands Herpetofauna 2001-2002",-64.72586317652,18.3231502251323
39,"Eleutherodactylus antillensis","Antillean frog",18.3231502251323,-64.72586317652,"VI",173555,2002,"observation","BISON","USGS Southeast Ecological Science Center - Virgin Islands Herpetofauna 2001-2002","2002-05-20",,"<--BISON | GBIF-->",39,"Ean","2002-05-20",317609,2026802,20,,"Visual Encounter",4,173555,"Elutherodactylus","antilliensis",,"Antillean frog","Elutherodactylus antilliensis","Eleutherodactylus antillensis","Animalia","Chordata","Amphibia","Anura","Eleutherodactylidae","Species",2002,5,20,"Human Observation","BISON","USGS Southeast Ecological Science Center - Virgin Islands Herpetofauna 2001-2002",-64.72586317652,18.3231502251323
40,"Eleutherodactylus antillensis","Antillean frog",18.3205440517059,-64.727313086886,"VI",173555,2002,"observation","BISON","USGS Southeast Ecological Science Center - Virgin Islands Herpetofauna 2001-2002","2002-05-20",,"<--BISON | GBIF-->",40,"Ean","2002-05-20",317453,2026515,20,,"Visual Encounter",3,173555,"Elutherodactylus","antilliensis",,"Antillean frog","Elutherodactylus antilliensis","Eleutherodactylus antillensis","Animalia","Chordata","Amphibia","Anura","Eleutherodactylidae","Species",2002,5,20,"Human Observation","BISON","USGS Southeast Ecological Science Center - Virgin Islands Herpetofauna 2001-2002",-64.727313086886,18.3205440517059
41,"Eleutherodactylus antillensis","Antillean frog",18.3220295739621,-64.7585458129072,"VI",173555,2002,"observation","BISON","USGS Southeast Ecological Science Center - Virgin Islands Herpetofauna 2001-2002","2002-05-22","J Hardin Waddle/Kenneth G Rice/Marquette E Crockett/Andy J Maskell","<--BISON | GBIF-->",41,"Ean","2002-05-22",314153,2026711,20,"J Hardin Waddle/Kenneth G Rice/Marquette E Crockett/Andy J Maskell","Visual Encounter",2,173555,"Elutherodactylus","antilliensis",,"Antillean frog","Elutherodactylus antilliensis","Eleutherodactylus antillensis","Animalia","Chordata","Amphibia","Anura","Eleutherodactylidae","Species",2002,5,22,"Human Observation","BISON","USGS Southeast Ecological Science Center - Virgin Islands Herpetofauna 2001-2002",-64.7585458129072,18.3220295739621
42,"Eleutherodactylus antillensis","Antillean frog",18.3037868274258,-64.7028653134782,"VI",173555,2001,"observation","BISON","USGS Southeast Ecological Science Center - Virgin Islands Herpetofauna 2001-2002","2001-02-12",,"<--BISON | GBIF-->",42,"Ean","2001-02-12",320020,2024636,20,,"Visual Encounter",2,173555,"Elutherodactylus","antilliensis",,"Antillean frog","Elutherodactylus antilliensis","Eleutherodactylus antillensis","Animalia","Chordata","Amphibia","Anura","Eleutherodactylidae","Species",2001,2,12,"Human Observation","BISON","USGS Southeast Ecological Science Center - Virgin Islands Herpetofauna 2001-2002",-64.7028653134782,18.3037868274258
43,"Eleutherodactylus antillensis","Antillean frog",18.3400871031005,-64.7332500191065,"VI",173555,2001,"observation","BISON","USGS Southeast Ecological Science Center - Virgin Islands Herpetofauna 2001-2002","2001-02-13",,"<--BISON | GBIF-->",43,"Ean","2001-02-13",316846,2028684,20,,"Visual Encounter",1,173555,"Elutherodactylus","antilliensis",,"Antillean frog","Elutherodactylus antilliensis","Eleutherodactylus antillensis","Animalia","Chordata","Amphibia","Anura","Eleutherodactylidae","Species",2001,2,13,"Human Observation","BISON","USGS Southeast Ecological Science Center - Virgin Islands Herpetofauna 2001-2002",-64.7332500191065,18.3400871031005
44,"Eleutherodactylus antillensis","Antillean frog",18.3101188761689,-64.7060772348953,"VI",173555,2001,"observation","BISON","USGS Southeast Ecological Science Center - Virgin Islands Herpetofauna 2001-2002","2001-02-12",,"<--BISON | GBIF-->",44,"Ean","2001-02-12",319687,2025340,20,,"Visual Encounter",2,173555,"Elutherodactylus","antilliensis",,"Antillean frog","Elutherodactylus antilliensis","Eleutherodactylus antillensis","Animalia","Chordata","Amphibia","Anura","Eleutherodactylidae","Species",2001,2,12,"Human Observation","BISON","USGS Southeast Ecological Science Center - Virgin Islands Herpetofauna 2001-2002",-64.7060772348953,18.3101188761689
45,"Eleutherodactylus antillensis","Antillean frog",18.3226269717681,-64.7327543866937,"VI",173555,2001,"observation","BISON","USGS Southeast Ecological Science Center - Virgin Islands Herpetofauna 2001-2002","2001-02-09",,"<--BISON | GBIF-->",45,"Ean","2001-02-09",316880,2026751,20,,"Visual Encounter",5,173555,"Elutherodactylus","antilliensis",,"Antillean frog","Elutherodactylus antilliensis","Eleutherodactylus antillensis","Animalia","Chordata","Amphibia","Anura","Eleutherodactylidae","Species",2001,2,9,"Human Observation","BISON","USGS Southeast Ecological Science Center - Virgin Islands Herpetofauna 2001-2002",-64.7327543866937,18.3226269717681
46,"Eleutherodactylus antillensis","Antillean frog",18.3226269717681,-64.7327543866937,"VI",173555,2001,"observation","BISON","USGS Southeast Ecological Science Center - Virgin Islands Herpetofauna 2001-2002","2001-10-20",,"<--BISON | GBIF-->",46,"Ean","2001-10-20",316880,2026751,20,,"Visual Encounter",1,173555,"Elutherodactylus","antilliensis",,"Antillean frog","Elutherodactylus antilliensis","Eleutherodactylus antillensis","Animalia","Chordata","Amphibia","Anura","Eleutherodactylidae","Species",2001,10,20,"Human Observation","BISON","USGS Southeast Ecological Science Center - Virgin Islands Herpetofauna 2001-2002",-64.7327543866937,18.3226269717681
47,"Eleutherodactylus antillensis","Antillean frog",18.347395028067,-64.7433046723662,"VI",173555,2001,"observation","BISON","USGS Southeast Ecological Science Center - Virgin Islands Herpetofauna 2001-2002","2001-02-15",,"<--BISON | GBIF-->",47,"Ean","2001-02-15",315791,2029503,20,,"Vocalization",1,173555,"Elutherodactylus","antilliensis",,"Antillean frog","Elutherodactylus antilliensis","Eleutherodactylus antillensis","Animalia","Chordata","Amphibia","Anura","Eleutherodactylidae","Species",2001,2,15,"Human Observation","BISON","USGS Southeast Ecological Science Center - Virgin Islands Herpetofauna 2001-2002",-64.7433046723662,18.347395028067
48,"Eleutherodactylus antillensis","Antillean frog",18.3408258303665,-64.7354712712219,"VI",173555,2001,"observation","BISON","USGS Southeast Ecological Science Center - Virgin Islands Herpetofauna 2001-2002","2001-10-21",,"<--BISON | GBIF-->",48,"Ean","2001-10-21",316612,2028768,20,,"Visual Encounter",8,173555,"Elutherodactylus","antilliensis",,"Antillean frog","Elutherodactylus antilliensis","Eleutherodactylus antillensis","Animalia","Chordata","Amphibia","Anura","Eleutherodactylidae","Species",2001,10,21,"Human Observation","BISON","USGS Southeast Ecological Science Center - Virgin Islands Herpetofauna 2001-2002",-64.7354712712219,18.3408258303665
49,"Eleutherodactylus antillensis","Antillean frog",18.3205440517059,-64.727313086886,"VI",173555,2001,"observation","BISON","USGS Southeast Ecological Science Center - Virgin Islands Herpetofauna 2001-2002","2001-02-09",,"<--BISON | GBIF-->",49,"Ean","2001-02-09",317453,2026515,20,,"Visual Encounter",4,173555,"Elutherodactylus","antilliensis",,"Antillean frog","Elutherodactylus antilliensis","Eleutherodactylus antillensis","Animalia","Chordata","Amphibia","Anura","Eleutherodactylidae","Species",2001,2,9,"Human Observation","BISON","USGS Southeast Ecological Science Center - Virgin Islands Herpetofauna 2001-2002",-64.727313086886,18.3205440517059
50,"Eleutherodactylus antillensis","Antillean frog",18.3354882991762,-64.7938090530184,"VI",173555,2001,"observation","BISON","USGS Southeast Ecological Science Center - Virgin Islands Herpetofauna 2001-2002","2001-10-18",,"<--BISON | GBIF-->",50,"Ean","2001-10-18",310440,2028237,20,,"Visual Encounter",5,173555,"Elutherodactylus","antilliensis",,"Antillean frog","Elutherodactylus antilliensis","Eleutherodactylus antillensis","Animalia","Chordata","Amphibia","Anura","Eleutherodactylidae","Species",2001,10,18,"Human Observation","BISON","USGS Southeast Ecological Science Center - Virgin Islands Herpetofauna 2001-2002",-64.7938090530184,18.3354882991762
51,"Eleutherodactylus antillensis","Antillean frog",18.3363148255809,-64.7952650457109,"VI",173555,2001,"observation","BISON","USGS Southeast Ecological Science Center - Virgin Islands Herpetofauna 2001-2002","2001-10-18",,"<--BISON | GBIF-->",51,"Ean","2001-10-18",310287,2028330,20,,"Visual Encounter",5,173555,"Elutherodactylus","antilliensis",,"Antillean frog","Elutherodactylus antilliensis","Eleutherodactylus antillensis","Animalia","Chordata","Amphibia","Anura","Eleutherodactylidae","Species",2001,10,18,"Human Observation","BISON","USGS Southeast Ecological Science Center - Virgin Islands Herpetofauna 2001-2002",-64.7952650457109,18.3363148255809
52,"Eleutherodactylus antillensis","Antillean frog",18.3520194065024,-64.7533141463049,"VI",173555,2001,"observation","BISON","USGS Southeast Ecological Science Center - Virgin Islands Herpetofauna 2001-2002","2001-10-23",,"<--BISON | GBIF-->",52,"Ean","2001-10-23",314738,2030025,20,,"Visual Encounter",3,173555,"Elutherodactylus","antilliensis",,"Antillean frog","Elutherodactylus antilliensis","Eleutherodactylus antillensis","Animalia","Chordata","Amphibia","Anura","Eleutherodactylidae","Species",2001,10,23,"Human Observation","BISON","USGS Southeast Ecological Science Center - Virgin Islands Herpetofauna 2001-2002",-64.7533141463049,18.3520194065024
53,"Eleutherodactylus antillensis","Antillean frog",18.338042956501,-64.7873075472477,"VI",173555,2001,"observation","BISON","USGS Southeast Ecological Science Center - Virgin Islands Herpetofauna 2001-2002","2001-02-08",,"<--BISON | GBIF-->",53,"Ean","2001-02-08",311130,2028513,20,,"Visual Encounter",18,173555,"Elutherodactylus","antilliensis",,"Antillean frog","Elutherodactylus antilliensis","Eleutherodactylus antillensis","Animalia","Chordata","Amphibia","Anura","Eleutherodactylidae","Species",2001,2,8,"Human Observation","BISON","USGS Southeast Ecological Science Center - Virgin Islands Herpetofauna 2001-2002",-64.7873075472477,18.338042956501
54,"Eleutherodactylus antillensis","Antillean frog",18.338042956501,-64.7873075472477,"VI",173555,2001,"observation","BISON","USGS Southeast Ecological Science Center - Virgin Islands Herpetofauna 2001-2002","2001-10-22",,"<--BISON | GBIF-->",54,"Ean","2001-10-22",311130,2028513,20,,"Visual Encounter",8,173555,"Elutherodactylus","antilliensis",,"Antillean frog","Elutherodactylus antilliensis","Eleutherodactylus antillensis","Animalia","Chordata","Amphibia","Anura","Eleutherodactylidae","Species",2001,10,22,"Human Observation","BISON","USGS Southeast Ecological Science Center - Virgin Islands Herpetofauna 2001-2002",-64.7873075472477,18.338042956501
55,"Eleutherodactylus antillensis","Antillean frog",18.324380044752,-64.7836953460847,"VI",173555,2002,"observation","BISON","USGS Southeast Ecological Science Center - Virgin Islands Herpetofauna 2001-2002","2002-05-21","J Hardin Waddle/Kenneth G Rice/Marquette E Crockett/Andy J Maskell","<--BISON | GBIF-->",55,"Ean","2002-05-21",311497,2026997,20,"J Hardin Waddle/Kenneth G Rice/Marquette E Crockett/Andy J Maskell","Visual Encounter",1,173555,"Elutherodactylus","antilliensis",,"Antillean frog","Elutherodactylus antilliensis","Eleutherodactylus antillensis","Animalia","Chordata","Amphibia","Anura","Eleutherodactylidae","Species",2002,5,21,"Human Observation","BISON","USGS Southeast Ecological Science Center - Virgin Islands Herpetofauna 2001-2002",-64.7836953460847,18.324380044752
56,"Eleutherodactylus antillensis","Antillean frog",18.3472915133379,-64.7417803528831,"VI",173555,2001,"observation","BISON","USGS Southeast Ecological Science Center - Virgin Islands Herpetofauna 2001-2002","2001-10-17",,"<--BISON | GBIF-->",56,"Ean","2001-10-17",315952,2029490,20,,"Visual Encounter",4,173555,"Elutherodactylus","antilliensis",,"Antillean frog","Elutherodactylus antilliensis","Eleutherodactylus antillensis","Animalia","Chordata","Amphibia","Anura","Eleutherodactylidae","Species",2001,10,17,"Human Observation","BISON","USGS Southeast Ecological Science Center - Virgin Islands Herpetofauna 2001-2002",-64.7417803528831,18.3472915133379
57,"Eleutherodactylus antillensis","Antillean frog",18.3400871031005,-64.7332500191065,"VI",173555,2001,"observation","BISON","USGS Southeast Ecological Science Center - Virgin Islands Herpetofauna 2001-2002","2001-10-21",,"<--BISON | GBIF-->",57,"Ean","2001-10-21",316846,2028684,20,,"Visual Encounter",3,173555,"Elutherodactylus","antilliensis",,"Antillean frog","Elutherodactylus antilliensis","Eleutherodactylus antillensis","Animalia","Chordata","Amphibia","Anura","Eleutherodactylidae","Species",2001,10,21,"Human Observation","BISON","USGS Southeast Ecological Science Center - Virgin Islands Herpetofauna 2001-2002",-64.7332500191065,18.3400871031005
58,"Eleutherodactylus antillensis","Antillean frog",18.3251929335027,-64.7247765900861,"VI",173555,2001,"observation","BISON","USGS Southeast Ecological Science Center - Virgin Islands Herpetofauna 2001-2002","2001-02-09",,"<--BISON | GBIF-->",58,"Ean","2001-02-09",317726,2027027,20,,"Visual Encounter",1,173555,"Elutherodactylus","antilliensis",,"Antillean frog","Elutherodactylus antilliensis","Eleutherodactylus antillensis","Animalia","Chordata","Amphibia","Anura","Eleutherodactylidae","Species",2001,2,9,"Human Observation","BISON","USGS Southeast Ecological Science Center - Virgin Islands Herpetofauna 2001-2002",-64.7247765900861,18.3251929335027
59,"Eleutherodactylus antillensis","Antillean frog",18.3265396207921,-64.764239114121,"VI",173555,2002,"observation","BISON","USGS Southeast Ecological Science Center - Virgin Islands Herpetofauna 2001-2002","2002-05-21","J Hardin Waddle/Kenneth G Rice/Marquette E Crockett/Andy J Maskell","<--BISON | GBIF-->",59,"Ean","2002-05-21",313556,2027216,20,"J Hardin Waddle/Kenneth G Rice/Marquette E Crockett/Andy J Maskell","Visual Encounter",7,173555,"Elutherodactylus","antilliensis",,"Antillean frog","Elutherodactylus antilliensis","Eleutherodactylus antillensis","Animalia","Chordata","Amphibia","Anura","Eleutherodactylidae","Species",2002,5,21,"Human Observation","BISON","USGS Southeast Ecological Science Center - Virgin Islands Herpetofauna 2001-2002",-64.764239114121,18.3265396207921
60,"Eleutherodactylus antillensis","Antillean frog",18.3185030859911,-64.7192046324454,"VI",173555,2002,"observation","BISON","USGS Southeast Ecological Science Center - Virgin Islands Herpetofauna 2001-2002","2002-05-20","J Hardin Waddle/Kenneth G Rice/Marquette E Crockett/Andy J Maskell","<--BISON | GBIF-->",60,"Ean","2002-05-20",318308,2026281,20,"J Hardin Waddle/Kenneth G Rice/Marquette E Crockett/Andy J Maskell","Visual Encounter",1,173555,"Elutherodactylus","antilliensis",,"Antillean frog","Elutherodactylus antilliensis","Eleutherodactylus antillensis","Animalia","Chordata","Amphibia","Anura","Eleutherodactylidae","Species",2002,5,20,"Human Observation","BISON","USGS Southeast Ecological Science Center - Virgin Islands Herpetofauna 2001-2002",-64.7192046324454,18.3185030859911
61,"Eleutherodactylus antillensis","Antillean frog",18.347395028067,-64.7433046723662,"VI",173555,2001,"observation","BISON","USGS Southeast Ecological Science Center - Virgin Islands Herpetofauna 2001-2002","2001-02-15",,"<--BISON | GBIF-->",61,"Ean","2001-02-15",315791,2029503,20,,"Visual Encounter",5,173555,"Elutherodactylus","antilliensis",,"Antillean frog","Elutherodactylus antilliensis","Eleutherodactylus antillensis","Animalia","Chordata","Amphibia","Anura","Eleutherodactylidae","Species",2001,2,15,"Human Observation","BISON","USGS Southeast Ecological Science Center - Virgin Islands Herpetofauna 2001-2002",-64.7433046723662,18.347395028067
62,"Eleutherodactylus antillensis","Antillean frog",18.341623391604,-64.7371822300517,"VI",173555,2001,"observation","BISON","USGS Southeast Ecological Science Center - Virgin Islands Herpetofauna 2001-2002","2001-02-13",,"<--BISON | GBIF-->",62,"Ean","2001-02-13",316432,2028858,20,,"Visual Encounter",1,173555,"Elutherodactylus","antilliensis",,"Antillean frog","Elutherodactylus antilliensis","Eleutherodactylus antillensis","Animalia","Chordata","Amphibia","Anura","Eleutherodactylidae","Species",2001,2,13,"Human Observation","BISON","USGS Southeast Ecological Science Center - Virgin Islands Herpetofauna 2001-2002",-64.7371822300517,18.341623391604
63,"Eleutherodactylus antillensis","Antillean frog",18.341623391604,-64.7371822300517,"VI",173555,2001,"observation","BISON","USGS Southeast Ecological Science Center - Virgin Islands Herpetofauna 2001-2002","2001-10-21",,"<--BISON | GBIF-->",63,"Ean","2001-10-21",316432,2028858,20,,"Visual Encounter",2,173555,"Elutherodactylus","antilliensis",,"Antillean frog","Elutherodactylus antilliensis","Eleutherodactylus antillensis","Animalia","Chordata","Amphibia","Anura","Eleutherodactylidae","Species",2001,10,21,"Human Observation","BISON","USGS Southeast Ecological Science Center - Virgin Islands Herpetofauna 2001-2002",-64.7371822300517,18.341623391604
64,"Eleutherodactylus antillensis","Antillean frog",18.3453739856928,-64.7723870649933,"VI",173555,2002,"observation","BISON","USGS Southeast Ecological Science Center - Virgin Islands Herpetofauna 2001-2002","2002-05-19","J Hardin Waddle/Kenneth G Rice/Marquette E Crockett/Andy J Maskell","<--BISON | GBIF-->",64,"Ean","2002-05-19",312715,2029309,20,"J Hardin Waddle/Kenneth G Rice/Marquette E Crockett/Andy J Maskell","Visual Encounter",3,173555,"Elutherodactylus","antilliensis",,"Antillean frog","Elutherodactylus antilliensis","Eleutherodactylus antillensis","Animalia","Chordata","Amphibia","Anura","Eleutherodactylidae","Species",2002,5,19,"Human Observation","BISON","USGS Southeast Ecological Science Center - Virgin Islands Herpetofauna 2001-2002",-64.7723870649933,18.3453739856928
65,"Eleutherodactylus antillensis","Antillean frog",18.3408258303665,-64.7354712712219,"VI",173555,2001,"observation","BISON","USGS Southeast Ecological Science Center - Virgin Islands Herpetofauna 2001-2002","2001-02-13",,"<--BISON | GBIF-->",65,"Ean","2001-02-13",316612,2028768,20,,"Visual Encounter",4,173555,"Elutherodactylus","antilliensis",,"Antillean frog","Elutherodactylus antilliensis","Eleutherodactylus antillensis","Animalia","Chordata","Amphibia","Anura","Eleutherodactylidae","Species",2001,2,13,"Human Observation","BISON","USGS Southeast Ecological Science Center - Virgin Islands Herpetofauna 2001-2002",-64.7354712712219,18.3408258303665
66,"Eleutherodactylus antillensis","Antillean frog",18.3565491140377,-64.7011488940143,"VI",173555,2001,"observation","BISON","USGS Southeast Ecological Science Center - Virgin Islands Herpetofauna 2001-2002","2001-10-21",,"<--BISON | GBIF-->",66,"Ean","2001-10-21",320256,2030474,20,,"Visual Encounter",2,173555,"Elutherodactylus","antilliensis",,"Antillean frog","Elutherodactylus antilliensis","Eleutherodactylus antillensis","Animalia","Chordata","Amphibia","Anura","Eleutherodactylidae","Species",2001,10,21,"Human Observation","BISON","USGS Southeast Ecological Science Center - Virgin Islands Herpetofauna 2001-2002",-64.7011488940143,18.3565491140377
67,"Eleutherodactylus antillensis","Antillean frog",18.3453739856928,-64.7723870649933,"VI",173555,2001,"observation","BISON","USGS Southeast Ecological Science Center - Virgin Islands Herpetofauna 2001-2002","2001-10-23",,"<--BISON | GBIF-->",67,"Ean","2001-10-23",312715,2029309,20,,"Visual Encounter",1,173555,"Elutherodactylus","antilliensis",,"Antillean frog","Elutherodactylus antilliensis","Eleutherodactylus antillensis","Animalia","Chordata","Amphibia","Anura","Eleutherodactylidae","Species",2001,10,23,"Human Observation","BISON","USGS Southeast Ecological Science Center - Virgin Islands Herpetofauna 2001-2002",-64.7723870649933,18.3453739856928
68,"Eleutherodactylus antillensis","Antillean frog",18.3472915133379,-64.7417803528831,"VI",173555,2001,"observation","BISON","USGS Southeast Ecological Science Center - Virgin Islands Herpetofauna 2001-2002","2001-02-15",,"<--BISON | GBIF-->",68,"Ean","2001-02-15",315952,2029490,20,,"Visual Encounter",2,173555,"Elutherodactylus","antilliensis",,"Antillean frog","Elutherodactylus antilliensis","Eleutherodactylus antillensis","Animalia","Chordata","Amphibia","Anura","Eleutherodactylidae","Species",2001,2,15,"Human Observation","BISON","USGS Southeast Ecological Science Center - Virgin Islands Herpetofauna 2001-2002",-64.7417803528831,18.3472915133379
69,"Eleutherodactylus antillensis","Antillean frog",18.3565491140377,-64.7011488940143,"VI",173555,2001,"observation","BISON","USGS Southeast Ecological Science Center - Virgin Islands Herpetofauna 2001-2002","2001-02-14",,"<--BISON | GBIF-->",69,"Ean","2001-02-14",320256,2030474,20,,"Visual Encounter",1,173555,"Elutherodactylus","antilliensis",,"Antillean frog","Elutherodactylus antilliensis","Eleutherodactylus antillensis","Animalia","Chordata","Amphibia","Anura","Eleutherodactylidae","Species",2001,2,14,"Human Observation","BISON","USGS Southeast Ecological Science Center - Virgin Islands Herpetofauna 2001-2002",-64.7011488940143,18.3565491140377
70,"Eleutherodactylus antillensis","Antillean frog",18.347395028067,-64.7433046723662,"VI",173555,2002,"observation","BISON","USGS Southeast Ecological Science Center - Virgin Islands Herpetofauna 2001-2002","2002-05-19","J Hardin Waddle/Kenneth G Rice/Marquette E Crockett/Andy J Maskell","<--BISON | GBIF-->",70,"Ean","2002-05-19",315791,2029503,20,"J Hardin Waddle/Kenneth G Rice/Marquette E Crockett/Andy J Maskell","Visual Encounter",11,173555,"Elutherodactylus","antilliensis",,"Antillean frog","Elutherodactylus antilliensis","Eleutherodactylus antillensis","Animalia","Chordata","Amphibia","Anura","Eleutherodactylidae","Species",2002,5,19,"Human Observation","BISON","USGS Southeast Ecological Science Center - Virgin Islands Herpetofauna 2001-2002",-64.7433046723662,18.347395028067
71,"Eleutherodactylus antillensis","Antillean frog",18.3403542944872,-64.7778137158327,"VI",173555,2001,"observation","BISON","USGS Southeast Ecological Science Center - Virgin Islands Herpetofauna 2001-2002","2001-02-08",,"<--BISON | GBIF-->",71,"Ean","2001-02-08",312136,2028759,20,,"Visual Encounter",29,173555,"Elutherodactylus","antilliensis",,"Antillean frog","Elutherodactylus antilliensis","Eleutherodactylus antillensis","Animalia","Chordata","Amphibia","Anura","Eleutherodactylidae","Species",2001,2,8,"Human Observation","BISON","USGS Southeast Ecological Science Center - Virgin Islands Herpetofauna 2001-2002",-64.7778137158327,18.3403542944872
72,"Eleutherodactylus antillensis","Antillean frog",18.347395028067,-64.7433046723662,"VI",173555,2001,"observation","BISON","USGS Southeast Ecological Science Center - Virgin Islands Herpetofauna 2001-2002","2001-10-17",,"<--BISON | GBIF-->",72,"Ean","2001-10-17",315791,2029503,20,,"Visual Encounter",3,173555,"Elutherodactylus","antilliensis",,"Antillean frog","Elutherodactylus antilliensis","Eleutherodactylus antillensis","Animalia","Chordata","Amphibia","Anura","Eleutherodactylidae","Species",2001,10,17,"Human Observation","BISON","USGS Southeast Ecological Science Center - Virgin Islands Herpetofauna 2001-2002",-64.7433046723662,18.347395028067
73,"Eleutherodactylus antillensis","Antillean frog",18.3658232251527,-64.7207987713217,"VI",173555,2001,"observation","BISON","USGS Southeast Ecological Science Center - Virgin Islands Herpetofauna 2001-2002","2001-02-10",,"<--BISON | GBIF-->",73,"Ean","2001-02-10",318189,2031520,20,,"Visual Encounter",2,173555,"Elutherodactylus","antilliensis",,"Antillean frog","Elutherodactylus antilliensis","Eleutherodactylus antillensis","Animalia","Chordata","Amphibia","Anura","Eleutherodactylidae","Species",2001,2,10,"Human Observation","BISON","USGS Southeast Ecological Science Center - Virgin Islands Herpetofauna 2001-2002",-64.7207987713217,18.3658232251527
74,"Eleutherodactylus cochranae","whistling frog",18.3224568811021,-64.7621732906957,"VI",173557,2002,"observation","BISON","USGS Southeast Ecological Science Center - Virgin Islands Herpetofauna 2001-2002","2002-05-21","J Hardin Waddle/Kenneth G Rice/Marquette E Crockett/Andy J Maskell","<--BISON | GBIF-->",74,"Eco","2002-05-21",313770,2026762,20,"J Hardin Waddle/Kenneth G Rice/Marquette E Crockett/Andy J Maskell","Vocalization",1,173557,"Elutherodactylus","cochranae",,"whistling frog","Elutherodactylus cochranae","Eleutherodactylus cochranae","Animalia","Chordata","Amphibia","Anura","Eleutherodactylidae","Species",2002,5,21,"Human Observation","BISON","USGS Southeast Ecological Science Center - Virgin Islands Herpetofauna 2001-2002",-64.7621732906957,18.3224568811021
75,"Eleutherodactylus cochranae","whistling frog",18.3037868274258,-64.7028653134782,"VI",173557,2001,"observation","BISON","USGS Southeast Ecological Science Center - Virgin Islands Herpetofauna 2001-2002","2001-02-12",,"<--BISON | GBIF-->",75,"Eco","2001-02-12",320020,2024636,20,,"Vocalization",2,173557,"Elutherodactylus","cochranae",,"whistling frog","Elutherodactylus cochranae","Eleutherodactylus cochranae","Animalia","Chordata","Amphibia","Anura","Eleutherodactylidae","Species",2001,2,12,"Human Observation","BISON","USGS Southeast Ecological Science Center - Virgin Islands Herpetofauna 2001-2002",-64.7028653134782,18.3037868274258
76,"Eleutherodactylus cochranae","whistling frog",18.324380044752,-64.7836953460847,"VI",173557,2002,"observation","BISON","USGS Southeast Ecological Science Center - Virgin Islands Herpetofauna 2001-2002","2002-05-21","J Hardin Waddle/Kenneth G Rice/Marquette E Crockett/Andy J Maskell","<--BISON | GBIF-->",76,"Eco","2002-05-21",311497,2026997,20,"J Hardin Waddle/Kenneth G Rice/Marquette E Crockett/Andy J Maskell","Vocalization",1,173557,"Elutherodactylus","cochranae",,"whistling frog","Elutherodactylus cochranae","Eleutherodactylus cochranae","Animalia","Chordata","Amphibia","Anura","Eleutherodactylidae","Species",2002,5,21,"Human Observation","BISON","USGS Southeast Ecological Science Center - Virgin Islands Herpetofauna 2001-2002",-64.7836953460847,18.324380044752
77,"Eleutherodactylus cochranae","whistling frog",18.3185030859911,-64.7192046324454,"VI",173557,2002,"observation","BISON","USGS Southeast Ecological Science Center - Virgin Islands Herpetofauna 2001-2002","2002-05-20","J Hardin Waddle/Kenneth G Rice/Marquette E Crockett/Andy J Maskell","<--BISON | GBIF-->",77,"Eco","2002-05-20",318308,2026281,20,"J Hardin Waddle/Kenneth G Rice/Marquette E Crockett/Andy J Maskell","Vocalization",1,173557,"Elutherodactylus","cochranae",,"whistling frog","Elutherodactylus cochranae","Eleutherodactylus cochranae","Animalia","Chordata","Amphibia","Anura","Eleutherodactylidae","Species",2002,5,20,"Human Observation","BISON","USGS Southeast Ecological Science Center - Virgin Islands Herpetofauna 2001-2002",-64.7192046324454,18.3185030859911
78,"Eleutherodactylus cochranae","whistling frog",18.3101188761689,-64.7060772348953,"VI",173557,2001,"observation","BISON","USGS Southeast Ecological Science Center - Virgin Islands Herpetofauna 2001-2002","2001-02-12",,"<--BISON | GBIF-->",78,"Eco","2001-02-12",319687,2025340,20,,"Vocalization",2,173557,"Elutherodactylus","cochranae",,"whistling frog","Elutherodactylus cochranae","Eleutherodactylus cochranae","Animalia","Chordata","Amphibia","Anura","Eleutherodactylidae","Species",2001,2,12,"Human Observation","BISON","USGS Southeast Ecological Science Center - Virgin Islands Herpetofauna 2001-2002",-64.7060772348953,18.3101188761689
79,"Eleutherodactylus cochranae","whistling frog",18.324380044752,-64.7836953460847,"VI",173557,2002,"observation","BISON","USGS Southeast Ecological Science Center - Virgin Islands Herpetofauna 2001-2002","2002-05-21","J Hardin Waddle/Kenneth G Rice/Marquette E Crockett/Andy J Maskell","<--BISON | GBIF-->",79,"Eco","2002-05-21",311497,2026997,20,"J Hardin Waddle/Kenneth G Rice/Marquette E Crockett/Andy J Maskell","Visual Encounter",1,173557,"Elutherodactylus","cochranae",,"whistling frog","Elutherodactylus cochranae","Eleutherodactylus cochranae","Animalia","Chordata","Amphibia","Anura","Eleutherodactylidae","Species",2002,5,21,"Human Observation","BISON","USGS Southeast Ecological Science Center - Virgin Islands Herpetofauna 2001-2002",-64.7836953460847,18.324380044752
80,"Eleutherodactylus cochranae","whistling frog",18.3129489711528,-64.7068522758827,"VI",173557,2002,"observation","BISON","USGS Southeast Ecological Science Center - Virgin Islands Herpetofauna 2001-2002","2002-05-20","J Hardin Waddle/Kenneth G Rice/Marquette E Crockett/Andy J Maskell","<--BISON | GBIF-->",80,"Eco","2002-05-20",319608,2025654,20,"J Hardin Waddle/Kenneth G Rice/Marquette E Crockett/Andy J Maskell","Vocalization",1,173557,"Elutherodactylus","cochranae",,"whistling frog","Elutherodactylus cochranae","Eleutherodactylus cochranae","Animalia","Chordata","Amphibia","Anura","Eleutherodactylidae","Species",2002,5,20,"Human Observation","BISON","USGS Southeast Ecological Science Center - Virgin Islands Herpetofauna 2001-2002",-64.7068522758827,18.3129489711528
81,"Eleutherodactylus cochranae","whistling frog",18.347395028067,-64.7433046723662,"VI",173557,2002,"observation","BISON","USGS Southeast Ecological Science Center - Virgin Islands Herpetofauna 2001-2002","2002-05-19","J Hardin Waddle/Kenneth G Rice/Marquette E Crockett/Andy J Maskell","<--BISON | GBIF-->",81,"Eco","2002-05-19",315791,2029503,20,"J Hardin Waddle/Kenneth G Rice/Marquette E Crockett/Andy J Maskell","Vocalization",1,173557,"Elutherodactylus","cochranae",,"whistling frog","Elutherodactylus cochranae","Eleutherodactylus cochranae","Animalia","Chordata","Amphibia","Anura","Eleutherodactylidae","Species",2002,5,19,"Human Observation","BISON","USGS Southeast Ecological Science Center - Virgin Islands Herpetofauna 2001-2002",-64.7433046723662,18.347395028067
82,"Eleutherodactylus cochranae","whistling frog",18.3363148255809,-64.7952650457109,"VI",173557,2001,"observation","BISON","USGS Southeast Ecological Science Center - Virgin Islands Herpetofauna 2001-2002","2001-10-18",,"<--BISON | GBIF-->",82,"Eco","2001-10-18",310287,2028330,20,,"Visual Encounter",2,173557,"Elutherodactylus","cochranae",,"whistling frog","Elutherodactylus cochranae","Eleutherodactylus cochranae","Animalia","Chordata","Amphibia","Anura","Eleutherodactylidae","Species",2001,10,18,"Human Observation","BISON","USGS Southeast Ecological Science Center - Virgin Islands Herpetofauna 2001-2002",-64.7952650457109,18.3363148255809
83,"Eleutherodactylus cochranae","whistling frog",18.3265396207921,-64.764239114121,"VI",173557,2002,"observation","BISON","USGS Southeast Ecological Science Center - Virgin Islands Herpetofauna 2001-2002","2002-05-21","J Hardin Waddle/Kenneth G Rice/Marquette E Crockett/Andy J Maskell","<--BISON | GBIF-->",83,"Eco","2002-05-21",313556,2027216,20,"J Hardin Waddle/Kenneth G Rice/Marquette E Crockett/Andy J Maskell","Vocalization",1,173557,"Elutherodactylus","cochranae",,"whistling frog","Elutherodactylus cochranae","Eleutherodactylus cochranae","Animalia","Chordata","Amphibia","Anura","Eleutherodactylidae","Species",2002,5,21,"Human Observation","BISON","USGS Southeast Ecological Science Center - Virgin Islands Herpetofauna 2001-2002",-64.764239114121,18.3265396207921
84,"Eleutherodactylus cochranae","whistling frog",18.3231502251323,-64.72586317652,"VI",173557,2002,"observation","BISON","USGS Southeast Ecological Science Center - Virgin Islands Herpetofauna 2001-2002","2002-05-20",,"<--BISON | GBIF-->",84,"Eco","2002-05-20",317609,2026802,20,,"Vocalization",1,173557,"Elutherodactylus","cochranae",,"whistling frog","Elutherodactylus cochranae","Eleutherodactylus cochranae","Animalia","Chordata","Amphibia","Anura","Eleutherodactylidae","Species",2002,5,20,"Human Observation","BISON","USGS Southeast Ecological Science Center - Virgin Islands Herpetofauna 2001-2002",-64.72586317652,18.3231502251323
85,"Eleutherodactylus cochranae","whistling frog",18.3037868274258,-64.7028653134782,"VI",173557,2001,"observation","BISON","USGS Southeast Ecological Science Center - Virgin Islands Herpetofauna 2001-2002","2001-02-12",,"<--BISON | GBIF-->",85,"Eco","2001-02-12",320020,2024636,20,,"Visual Encounter",5,173557,"Elutherodactylus","cochranae",,"whistling frog","Elutherodactylus cochranae","Eleutherodactylus cochranae","Animalia","Chordata","Amphibia","Anura","Eleutherodactylidae","Species",2001,2,12,"Human Observation","BISON","USGS Southeast Ecological Science Center - Virgin Islands Herpetofauna 2001-2002",-64.7028653134782,18.3037868274258
86,"Eleutherodactylus cochranae","whistling frog",18.3205440517059,-64.727313086886,"VI",173557,2002,"observation","BISON","USGS Southeast Ecological Science Center - Virgin Islands Herpetofauna 2001-2002","2002-05-20",,"<--BISON | GBIF-->",86,"Eco","2002-05-20",317453,2026515,20,,"Vocalization",1,173557,"Elutherodactylus","cochranae",,"whistling frog","Elutherodactylus cochranae","Eleutherodactylus cochranae","Animalia","Chordata","Amphibia","Anura","Eleutherodactylidae","Species",2002,5,20,"Human Observation","BISON","USGS Southeast Ecological Science Center - Virgin Islands Herpetofauna 2001-2002",-64.727313086886,18.3205440517059
87,"Eleutherodactylus cochranae","whistling frog",18.3101188761689,-64.7060772348953,"VI",173557,2001,"observation","BISON","USGS Southeast Ecological Science Center - Virgin Islands Herpetofauna 2001-2002","2001-02-12",,"<--BISON | GBIF-->",87,"Eco","2001-02-12",319687,2025340,20,,"Visual Encounter",1,173557,"Elutherodactylus","cochranae",,"whistling frog","Elutherodactylus cochranae","Eleutherodactylus cochranae","Animalia","Chordata","Amphibia","Anura","Eleutherodactylidae","Species",2001,2,12,"Human Observation","BISON","USGS Southeast Ecological Science Center - Virgin Islands Herpetofauna 2001-2002",-64.7060772348953,18.3101188761689
88,"Eleutherodactylus cochranae","whistling frog",18.3205440517059,-64.727313086886,"VI",173557,2001,"observation","BISON","USGS Southeast Ecological Science Center - Virgin Islands Herpetofauna 2001-2002","2001-10-20",,"<--BISON | GBIF-->",88,"Eco","2001-10-20",317453,2026515,20,,"Visual Encounter",4,173557,"Elutherodactylus","cochranae",,"whistling frog","Elutherodactylus cochranae","Eleutherodactylus cochranae","Animalia","Chordata","Amphibia","Anura","Eleutherodactylidae","Species",2001,10,20,"Human Observation","BISON","USGS Southeast Ecological Science Center - Virgin Islands Herpetofauna 2001-2002",-64.727313086886,18.3205440517059
89,"Eleutherodactylus cochranae","whistling frog",18.3472915133379,-64.7417803528831,"VI",173557,2001,"observation","BISON","USGS Southeast Ecological Science Center - Virgin Islands Herpetofauna 2001-2002","2001-10-17",,"<--BISON | GBIF-->",89,"Eco","2001-10-17",315952,2029490,20,,"Visual Encounter",3,173557,"Elutherodactylus","cochranae",,"whistling frog","Elutherodactylus cochranae","Eleutherodactylus cochranae","Animalia","Chordata","Amphibia","Anura","Eleutherodactylidae","Species",2001,10,17,"Human Observation","BISON","USGS Southeast Ecological Science Center - Virgin Islands Herpetofauna 2001-2002",-64.7417803528831,18.3472915133379
90,"Eleutherodactylus cochranae","whistling frog",18.338042956501,-64.7873075472477,"VI",173557,2001,"observation","BISON","USGS Southeast Ecological Science Center - Virgin Islands Herpetofauna 2001-2002","2001-10-22",,"<--BISON | GBIF-->",90,"Eco","2001-10-22",311130,2028513,20,,"Visual Encounter",8,173557,"Elutherodactylus","cochranae",,"whistling frog","Elutherodactylus cochranae","Eleutherodactylus cochranae","Animalia","Chordata","Amphibia","Anura","Eleutherodactylidae","Species",2001,10,22,"Human Observation","BISON","USGS Southeast Ecological Science Center - Virgin Islands Herpetofauna 2001-2002",-64.7873075472477,18.338042956501
91,"Eleutherodactylus cochranae","whistling frog",18.352741434218,-64.753397126992,"VI",173557,2001,"observation","BISON","USGS Southeast Ecological Science Center - Virgin Islands Herpetofauna 2001-2002","2001-10-23",,"<--BISON | GBIF-->",91,"Eco","2001-10-23",314730,2030105,20,,"Visual Encounter",1,173557,"Elutherodactylus","cochranae",,"whistling frog","Elutherodactylus cochranae","Eleutherodactylus cochranae","Animalia","Chordata","Amphibia","Anura","Eleutherodactylidae","Species",2001,10,23,"Human Observation","BISON","USGS Southeast Ecological Science Center - Virgin Islands Herpetofauna 2001-2002",-64.753397126992,18.352741434218
93,"Leptodactylus albilabris","white-lipped frog",18.3226269717681,-64.7327543866937,"VI",173577,2001,"observation","BISON","USGS Southeast Ecological Science Center - Virgin Islands Herpetofauna 2001-2002","2001-02-09",,"<--BISON | GBIF-->",93,"Lab","2001-02-09",316880,2026751,20,,"Vocalization",1,173577,"Leptodactylus","albilabris",,"white-lipped frog","Leptodactylus albilabris","Leptodactylus albilabris","Animalia","Chordata","Amphibia","Anura","Leptodactylidae","Species",2001,2,9,"Human Observation","BISON","USGS Southeast Ecological Science Center - Virgin Islands Herpetofauna 2001-2002",-64.7327543866937,18.3226269717681
94,"Leptodactylus albilabris","white-lipped frog",18.3220295739621,-64.7585458129072,"VI",173577,2002,"observation","BISON","USGS Southeast Ecological Science Center - Virgin Islands Herpetofauna 2001-2002","2002-05-22","J Hardin Waddle/Kenneth G Rice/Marquette E Crockett/Andy J Maskell","<--BISON | GBIF-->",94,"Lab","2002-05-22",314153,2026711,20,"J Hardin Waddle/Kenneth G Rice/Marquette E Crockett/Andy J Maskell","Vocalization",1,173577,"Leptodactylus","albilabris",,"white-lipped frog","Leptodactylus albilabris","Leptodactylus albilabris","Animalia","Chordata","Amphibia","Anura","Leptodactylidae","Species",2002,5,22,"Human Observation","BISON","USGS Southeast Ecological Science Center - Virgin Islands Herpetofauna 2001-2002",-64.7585458129072,18.3220295739621
95,"Leptodactylus albilabris","white-lipped frog",18.3205440517059,-64.727313086886,"VI",173577,2002,"observation","BISON","USGS Southeast Ecological Science Center - Virgin Islands Herpetofauna 2001-2002","2002-05-20",,"<--BISON | GBIF-->",95,"Lab","2002-05-20",317453,2026515,20,,"Vocalization",1,173577,"Leptodactylus","albilabris",,"white-lipped frog","Leptodactylus albilabris","Leptodactylus albilabris","Animalia","Chordata","Amphibia","Anura","Leptodactylidae","Species",2002,5,20,"Human Observation","BISON","USGS Southeast Ecological Science Center - Virgin Islands Herpetofauna 2001-2002",-64.727313086886,18.3205440517059
96,"Leptodactylus albilabris","white-lipped frog",18.3265396207921,-64.764239114121,"VI",173577,2002,"observation","BISON","USGS Southeast Ecological Science Center - Virgin Islands Herpetofauna 2001-2002","2002-05-21","J Hardin Waddle/Kenneth G Rice/Marquette E Crockett/Andy J Maskell","<--BISON | GBIF-->",96,"Lab","2002-05-21",313556,2027216,20,"J Hardin Waddle/Kenneth G Rice/Marquette E Crockett/Andy J Maskell","Vocalization",1,173577,"Leptodactylus","albilabris",,"white-lipped frog","Leptodactylus albilabris","Leptodactylus albilabris","Animalia","Chordata","Amphibia","Anura","Leptodactylidae","Species",2002,5,21,"Human Observation","BISON","USGS Southeast Ecological Science Center - Virgin Islands Herpetofauna 2001-2002",-64.764239114121,18.3265396207921
97,"Leptodactylus albilabris","white-lipped frog",18.3226269717681,-64.7327543866937,"VI",173577,2001,"observation","BISON","USGS Southeast Ecological Science Center - Virgin Islands Herpetofauna 2001-2002","2001-10-20",,"<--BISON | GBIF-->",97,"Lab","2001-10-20",316880,2026751,20,,"Visual Encounter",3,173577,"Leptodactylus","albilabris",,"white-lipped frog","Leptodactylus albilabris","Leptodactylus albilabris","Animalia","Chordata","Amphibia","Anura","Leptodactylidae","Species",2001,10,20,"Human Observation","BISON","USGS Southeast Ecological Science Center - Virgin Islands Herpetofauna 2001-2002",-64.7327543866937,18.3226269717681
98,"Leptodactylus albilabris","white-lipped frog",18.3520194065024,-64.7533141463049,"VI",173577,2001,"observation","BISON","USGS Southeast Ecological Science Center - Virgin Islands Herpetofauna 2001-2002","2001-10-23",,"<--BISON | GBIF-->",98,"Lab","2001-10-23",314738,2030025,20,,"Visual Encounter",2,173577,"Leptodactylus","albilabris",,"white-lipped frog","Leptodactylus albilabris","Leptodactylus albilabris","Animalia","Chordata","Amphibia","Anura","Leptodactylidae","Species",2001,10,23,"Human Observation","BISON","USGS Southeast Ecological Science Center - Virgin Islands Herpetofauna 2001-2002",-64.7533141463049,18.3520194065024
99,"Leptodactylus albilabris","white-lipped frog",18.3265396207921,-64.764239114121,"VI",173577,2001,"observation","BISON","USGS Southeast Ecological Science Center - Virgin Islands Herpetofauna 2001-2002","2001-02-07",,"<--BISON | GBIF-->",99,"Lab","2001-02-07",313556,2027216,20,,"Vocalization",1,173577,"Leptodactylus","albilabris",,"white-lipped frog","Leptodactylus albilabris","Leptodactylus albilabris","Animalia","Chordata","Amphibia","Anura","Leptodactylidae","Species",2001,2,7,"Human Observation","BISON","USGS Southeast Ecological Science Center - Virgin Islands Herpetofauna 2001-2002",-64.764239114121,18.3265396207921
100,"Leptodactylus albilabris","white-lipped frog",18.3453739856928,-64.7723870649933,"VI",173577,2002,"observation","BISON","USGS Southeast Ecological Science Center - Virgin Islands Herpetofauna 2001-2002","2002-05-19","J Hardin Waddle/Kenneth G Rice/Marquette E Crockett/Andy J Maskell","<--BISON | GBIF-->",100,"Lab","2002-05-19",312715,2029309,20,"J Hardin Waddle/Kenneth G Rice/Marquette E Crockett/Andy J Maskell","Vocalization",1,173577,"Leptodactylus","albilabris",,"white-lipped frog","Leptodactylus albilabris","Leptodactylus albilabris","Animalia","Chordata","Amphibia","Anura","Leptodactylidae","Species",2002,5,19,"Human Observation","BISON","USGS Southeast Ecological Science Center - Virgin Islands Herpetofauna 2001-2002",-64.7723870649933,18.3453739856928
101,"Leptodactylus albilabris","white-lipped frog",18.3205440517059,-64.727313086886,"VI",173577,2001,"observation","BISON","USGS Southeast Ecological Science Center - Virgin Islands Herpetofauna 2001-2002","2001-10-20",,"<--BISON | GBIF-->",101,"Lab","2001-10-20",317453,2026515,20,,"Visual Encounter",5,173577,"Leptodactylus","albilabris",,"white-lipped frog","Leptodactylus albilabris","Leptodactylus albilabris","Animalia","Chordata","Amphibia","Anura","Leptodactylidae","Species",2001,10,20,"Human Observation","BISON","USGS Southeast Ecological Science Center - Virgin Islands Herpetofauna 2001-2002",-64.727313086886,18.3205440517059
102,"Leptodactylus albilabris","white-lipped frog",18.3224568811021,-64.7621732906957,"VI",173577,2002,"observation","BISON","USGS Southeast Ecological Science Center - Virgin Islands Herpetofauna 2001-2002","2002-05-21","J Hardin Waddle/Kenneth G Rice/Marquette E Crockett/Andy J Maskell","<--BISON | GBIF-->",102,"Lab","2002-05-21",313770,2026762,20,"J Hardin Waddle/Kenneth G Rice/Marquette E Crockett/Andy J Maskell","Vocalization",2,173577,"Leptodactylus","albilabris",,"white-lipped frog","Leptodactylus albilabris","Leptodactylus albilabris","Animalia","Chordata","Amphibia","Anura","Leptodactylidae","Species",2002,5,21,"Human Observation","BISON","USGS Southeast Ecological Science Center - Virgin Islands Herpetofauna 2001-2002",-64.7621732906957,18.3224568811021
103,"Leptodactylus albilabris","white-lipped frog",18.352741434218,-64.753397126992,"VI",173577,2001,"observation","BISON","USGS Southeast Ecological Science Center - Virgin Islands Herpetofauna 2001-2002","2001-10-23",,"<--BISON | GBIF-->",103,"Lab","2001-10-23",314730,2030105,20,,"Visual Encounter",1,173577,"Leptodactylus","albilabris",,"white-lipped frog","Leptodactylus albilabris","Leptodactylus albilabris","Animalia","Chordata","Amphibia","Anura","Leptodactylidae","Species",2001,10,23,"Human Observation","BISON","USGS Southeast Ecological Science Center - Virgin Islands Herpetofauna 2001-2002",-64.753397126992,18.352741434218
104,"Leptodactylus albilabris","white-lipped frog",18.3661711159385,-64.7411654106217,"VI",173577,2001,"observation","BISON","USGS Southeast Ecological Science Center - Virgin Islands Herpetofauna 2001-2002","2001-10-16",,"<--BISON | GBIF-->",104,"Lab","2001-10-16",316037,2031579,20,,"Visual Encounter",1,173577,"Leptodactylus","albilabris",,"white-lipped frog","Leptodactylus albilabris","Leptodactylus albilabris","Animalia","Chordata","Amphibia","Anura","Leptodactylidae","Species",2001,10,16,"Human Observation","BISON","USGS Southeast Ecological Science Center - Virgin Islands Herpetofauna 2001-2002",-64.7411654106217,18.3661711159385
105,"Leptodactylus albilabris","white-lipped frog",18.3683731976216,-64.7463634993568,"VI",173577,2001,"observation","BISON","USGS Southeast Ecological Science Center - Virgin Islands Herpetofauna 2001-2002","2001-10-16",,"<--BISON | GBIF-->",105,"Lab","2001-10-16",315490,2031828,20,,"Visual Encounter",1,173577,"Leptodactylus","albilabris",,"white-lipped frog","Leptodactylus albilabris","Leptodactylus albilabris","Animalia","Chordata","Amphibia","Anura","Leptodactylidae","Species",2001,10,16,"Human Observation","BISON","USGS Southeast Ecological Science Center - Virgin Islands Herpetofauna 2001-2002",-64.7463634993568,18.3683731976216
106,"Leptodactylus albilabris","white-lipped frog",18.3220295739621,-64.7585458129072,"VI",173577,2002,"observation","BISON","USGS Southeast Ecological Science Center - Virgin Islands Herpetofauna 2001-2002","2002-05-22","J Hardin Waddle/Kenneth G Rice/Marquette E Crockett/Andy J Maskell","<--BISON | GBIF-->",106,"Lab","2002-05-22",314153,2026711,20,"J Hardin Waddle/Kenneth G Rice/Marquette E Crockett/Andy J Maskell","Visual Encounter",1,173577,"Leptodactylus","albilabris",,"white-lipped frog","Leptodactylus albilabris","Leptodactylus albilabris","Animalia","Chordata","Amphibia","Anura","Leptodactylidae","Species",2002,5,22,"Human Observation","BISON","USGS Southeast Ecological Science Center - Virgin Islands Herpetofauna 2001-2002",-64.7585458129072,18.3220295739621
107,"Leptodactylus albilabris","white-lipped frog",18.3224568811021,-64.7621732906957,"VI",173577,2002,"observation","BISON","USGS Southeast Ecological Science Center - Virgin Islands Herpetofauna 2001-2002","2002-05-21","J Hardin Waddle/Kenneth G Rice/Marquette E Crockett/Andy J Maskell","<--BISON | GBIF-->",107,"Lab","2002-05-21",313770,2026762,20,"J Hardin Waddle/Kenneth G Rice/Marquette E Crockett/Andy J Maskell","Visual Encounter",3,173577,"Leptodactylus","albilabris",,"white-lipped frog","Leptodactylus albilabris","Leptodactylus albilabris","Animalia","Chordata","Amphibia","Anura","Leptodactylidae","Species",2002,5,21,"Human Observation","BISON","USGS Southeast Ecological Science Center - Virgin Islands Herpetofauna 2001-2002",-64.7621732906957,18.3224568811021
108,"Leptodactylus albilabris","white-lipped frog",18.3400871031005,-64.7332500191065,"VI",173577,2001,"observation","BISON","USGS Southeast Ecological Science Center - Virgin Islands Herpetofauna 2001-2002","2001-10-21",,"<--BISON | GBIF-->",108,"Lab","2001-10-21",316846,2028684,20,,"Visual Encounter",2,173577,"Leptodactylus","albilabris",,"white-lipped frog","Leptodactylus albilabris","Leptodactylus albilabris","Animalia","Chordata","Amphibia","Anura","Leptodactylidae","Species",2001,10,21,"Human Observation","BISON","USGS Southeast Ecological Science Center - Virgin Islands Herpetofauna 2001-2002",-64.7332500191065,18.3400871031005
109,"Leptodactylus albilabris","white-lipped frog",18.3265396207921,-64.764239114121,"VI",173577,2002,"observation","BISON","USGS Southeast Ecological Science Center - Virgin Islands Herpetofauna 2001-2002","2002-05-21","J Hardin Waddle/Kenneth G Rice/Marquette E Crockett/Andy J Maskell","<--BISON | GBIF-->",109,"Lab","2002-05-21",313556,2027216,20,"J Hardin Waddle/Kenneth G Rice/Marquette E Crockett/Andy J Maskell","Visual Encounter",10,173577,"Leptodactylus","albilabris",,"white-lipped frog","Leptodactylus albilabris","Leptodactylus albilabris","Animalia","Chordata","Amphibia","Anura","Leptodactylidae","Species",2002,5,21,"Human Observation","BISON","USGS Southeast Ecological Science Center - Virgin Islands Herpetofauna 2001-2002",-64.764239114121,18.3265396207921
110,"Osteopilus septentrionalis","Cuban treefrog",18.3453739856928,-64.7723870649933,"VI",173538,2002,"observation","BISON","USGS Southeast Ecological Science Center - Virgin Islands Herpetofauna 2001-2002","2002-05-19","J Hardin Waddle/Kenneth G Rice/Marquette E Crockett/Andy J Maskell","<--BISON | GBIF-->",110,"Ose","2002-05-19",312715,2029309,20,"J Hardin Waddle/Kenneth G Rice/Marquette E Crockett/Andy J Maskell","Visual Encounter",3,173538,"Osteopilus","septentrionalis",,"Cuban treefrog","Osteopilus septentrionalis","Osteopilus septentrionalis","Animalia","Chordata","Amphibia","Anura","Hylidae","Species",2002,5,19,"Human Observation","BISON","USGS Southeast Ecological Science Center - Virgin Islands Herpetofauna 2001-2002",-64.7723870649933,18.3453739856928
111,"Osteopilus septentrionalis","Cuban treefrog",18.3129489711528,-64.7068522758827,"VI",173538,2002,"observation","BISON","USGS Southeast Ecological Science Center - Virgin Islands Herpetofauna 2001-2002","2002-05-20","J Hardin Waddle/Kenneth G Rice/Marquette E Crockett/Andy J Maskell","<--BISON | GBIF-->",111,"Ose","2002-05-20",319608,2025654,20,"J Hardin Waddle/Kenneth G Rice/Marquette E Crockett/Andy J Maskell","Visual Encounter",1,173538,"Osteopilus","septentrionalis",,"Cuban treefrog","Osteopilus septentrionalis","Osteopilus septentrionalis","Animalia","Chordata","Amphibia","Anura","Hylidae","Species",2002,5,20,"Human Observation","BISON","USGS Southeast Ecological Science Center - Virgin Islands Herpetofauna 2001-2002",-64.7068522758827,18.3129489711528
112,"Osteopilus septentrionalis","Cuban treefrog",18.352741434218,-64.753397126992,"VI",173538,2001,"observation","BISON","USGS Southeast Ecological Science Center - Virgin Islands Herpetofauna 2001-2002","2001-02-06",,"<--BISON | GBIF-->",112,"Ose","2001-02-06",314730,2030105,20,,"Visual Encounter",1,173538,"Osteopilus","septentrionalis",,"Cuban treefrog","Osteopilus septentrionalis","Osteopilus septentrionalis","Animalia","Chordata","Amphibia","Anura","Hylidae","Species",2001,2,6,"Human Observation","BISON","USGS Southeast Ecological Science Center - Virgin Islands Herpetofauna 2001-2002",-64.753397126992,18.352741434218
113,"Sphaerodactylus macrolepis","common dwarf gecko",18.352741434218,-64.753397126992,"VI",174079,2002,"observation","BISON","USGS Southeast Ecological Science Center - Virgin Islands Herpetofauna 2001-2002","2002-05-22","J Hardin Waddle/Kenneth G Rice/Marquette E Crockett/Andy J Maskell","<--BISON | GBIF-->",113,"Sma","2002-05-22",314730,2030105,20,"J Hardin Waddle/Kenneth G Rice/Marquette E Crockett/Andy J Maskell","Visual Encounter",1,174079,"Sphaerodactylus","macrolepis",,"common dwarf gecko","Sphaerodactylus macrolepis","Sphaerodactylus macrolepis","Animalia","Chordata","Reptilia","Squamata","Sphaerodactylidae","Species",2002,5,22,"Human Observation","BISON","USGS Southeast Ecological Science Center - Virgin Islands Herpetofauna 2001-2002",-64.753397126992,18.352741434218
114,"Sphaerodactylus macrolepis","common dwarf gecko",18.3265396207921,-64.764239114121,"VI",174079,2002,"observation","BISON","USGS Southeast Ecological Science Center - Virgin Islands Herpetofauna 2001-2002","2002-05-21","J Hardin Waddle/Kenneth G Rice/Marquette E Crockett/Andy J Maskell","<--BISON | GBIF-->",114,"Sma","2002-05-21",313556,2027216,20,"J Hardin Waddle/Kenneth G Rice/Marquette E Crockett/Andy J Maskell","Visual Encounter",1,174079,"Sphaerodactylus","macrolepis",,"common dwarf gecko","Sphaerodactylus macrolepis","Sphaerodactylus macrolepis","Animalia","Chordata","Reptilia","Squamata","Sphaerodactylidae","Species",2002,5,21,"Human Observation","BISON","USGS Southeast Ecological Science Center - Virgin Islands Herpetofauna 2001-2002",-64.764239114121,18.3265396207921
115,"Sphaerodactylus macrolepis","common dwarf gecko",18.3224568811021,-64.7621732906957,"VI",174079,2002,"observation","BISON","USGS Southeast Ecological Science Center - Virgin Islands Herpetofauna 2001-2002","2002-05-21","J Hardin Waddle/Kenneth G Rice/Marquette E Crockett/Andy J Maskell","<--BISON | GBIF-->",115,"Sma","2002-05-21",313770,2026762,20,"J Hardin Waddle/Kenneth G Rice/Marquette E Crockett/Andy J Maskell","Visual Encounter",1,174079,"Sphaerodactylus","macrolepis",,"common dwarf gecko","Sphaerodactylus macrolepis","Sphaerodactylus macrolepis","Animalia","Chordata","Reptilia","Squamata","Sphaerodactylidae","Species",2002,5,21,"Human Observation","BISON","USGS Southeast Ecological Science Center - Virgin Islands Herpetofauna 2001-2002",-64.7621732906957,18.3224568811021
116,"Sphaerodactylus macrolepis","common dwarf gecko",18.3220295739621,-64.7585458129072,"VI",174079,2002,"observation","BISON","USGS Southeast Ecological Science Center - Virgin Islands Herpetofauna 2001-2002","2002-05-22","J Hardin Waddle/Kenneth G Rice/Marquette E Crockett/Andy J Maskell","<--BISON | GBIF-->",116,"Sma","2002-05-22",314153,2026711,20,"J Hardin Waddle/Kenneth G Rice/Marquette E Crockett/Andy J Maskell","Visual Encounter",1,174079,"Sphaerodactylus","macrolepis",,"common dwarf gecko","Sphaerodactylus macrolepis","Sphaerodactylus macrolepis","Animalia","Chordata","Reptilia","Squamata","Sphaerodactylidae","Species",2002,5,22,"Human Observation","BISON","USGS Southeast Ecological Science Center - Virgin Islands Herpetofauna 2001-2002",-64.7585458129072,18.3220295739621
